strategy,total_revenue,avg_revenue_per_sku_day,total_units_sold,stockout_rate,revenue_uplift_pct
ml,5074923.40893608,1812.4726460486,23984.012530242,0.05607142857142857,-1.514313412437863
rule_based,5066340.935238183,1809.4074768707794,23984.012530242,0.05607142857142857,-1.6808678107306019
static,5152955.302214441,1840.3411793623004,23984.012530242,0.05607142857142857,0.0
